dataset	lm_name	micro_precision_av	micro_precision_std	micro_recall_av	micro_recall_std	micro_f1_av	micro_f1_std	macro_precision_av	macro_precision_std	macro_recall_av	macro_recall_std	macro_f1_av	macro_f1_std
ademiner	bert-base-uncased	0.4955189127149923	0.008962174570015448	0.46353447370517237	0.0671997678682278	0.47595257391902973	0.03963731420859867	0.4955189127149923	0.008962174570015448	0.46353447370517237	0.0671997678682278	0.47595257391902973	0.03963731420859867
bc7med	bert-base-uncased	0.8893789950579933	0.07960775514237413	0.7207596321661387	0.1356514719464101	0.7397073073275764	0.12091885258157593	0.8893789950579933	0.07960775514237413	0.7207596321661387	0.1356514719464101	0.7397073073275764	0.12091885258157593
nlmchem	bert-base-uncased	0.9228650581692065	0.005337684908487234	0.9221050959169984	0.013101358885671063	0.9223804248236298	0.008223090502300212	0.9228650581692065	0.005337684908487234	0.9221050959169984	0.013101358885671063	0.9223804248236298	0.008223090502300212
ncbi	bert-base-uncased	0.8478126842584436	0.017130324778000538	0.8561080523914673	0.00932119871963273	0.8518408220072127	0.010368373947523934	0.8115841029654929	0.011398028320628044	0.7812587298934904	0.02917260136191405	0.7931858166296135	0.018768790234973923
n2c2	bert-base-uncased	0.8867645233487182	0.008366846153455506	0.9082706273998568	0.008298930828695067	0.8973469252606827	0.005620382614651593	0.8385076758281993	0.007739538931120383	0.8483969213407644	0.010509620250644437	0.8414457643057197	0.00910408680420971
