dataset	lm_name	micro_precision_av	micro_precision_std	micro_recall_av	micro_recall_std	micro_f1_av	micro_f1_std	macro_precision_av	macro_precision_std	macro_recall_av	macro_recall_std	macro_f1_av	macro_f1_std
nlmchem	BioRedditBERT-uncased	0.6625606791657248	0.3552513627041781	0.7392259410364377	0.22351038916086743	0.6570290505460404	0.3446119934207305	0.6625606791657248	0.3552513627041781	0.7392259410364377	0.22351038916086743	0.6570290505460404	0.3446119934207305
ncbi	NCBI_BERT_pubmed_uncased_L-12_H-768_A-12	0.8474377024505317	0.013109478458578377	0.8681191961922492	0.009790540274995948	0.8576117431918007	0.00995133585279417	0.807751480623021	0.014829909443245104	0.8053243853722032	0.031834546484097975	0.8015033431535212	0.02113860611268945
n2c2	biobert_pretrain_output_disch_100000	0.8949224032287282	0.016695342694695702	0.9101971003830162	0.0055292599389550915	0.9023959794219174	0.008292682479893182	0.8465817500650165	0.018191207074048234	0.8349891464812533	0.012194665605600985	0.8361773199725479	0.014160342751875504
